OLYMPIC_YEAR,SPORT,GENDER,EVENT,MEDAL,NOC,ATHLETE
2016,Archery,M,Men's Individual,Gold,KOR,KU Bonchan
2016,Archery,M,Men's Individual,Silver,FRA,VALLADONT Jean-Charles
2016,Archery,M,Men's Individual,Bronze,USA,ELLISON Brady
2016,Archery,W,Women's Individual,Gold,KOR,CHANG Hyejin
2016,Archery,W,Women's Individual,Silver,GER,UNRUH Lisa
2016,Archery,W,Women's Individual,Bronze,KOR,KI Bobae
2016,Archery,M,Men's Team,Gold,KOR,Republic of Korea
2016,Archery,M,Men's Team,Silver,USA,United States
2016,Archery,M,Men's Team,Bronze,AUS,Australia
2016,Archery,W,Women's Team,Gold,KOR,Republic of Korea
2016,Archery,W,Women's Team,Silver,RUS,Russian Federation
2016,Archery,W,Women's Team,Bronze,TPE,Taipei (Cn Taipei)
2016,Artistic Gymnastics,M,Men's Individual All-Around,Gold,JPN,UCHIMURA Kohei
2016,Artistic Gymnastics,M,Men's Individual All-Around,Silver,UKR,VERNIAIEV Oleg
2016,Artistic Gymnastics,M,Men's Individual All-Around,Bronze,GBR,WHITLOCK Max
2016,Artistic Gymnastics,M,Men's Floor Exercise,Gold,GBR,WHITLOCK Max
2016,Artistic Gymnastics,M,Men's Floor Exercise,Silver,BRA,HYPOLITO Diego
2016,Artistic Gymnastics,M,Men's Floor Exercise,Bronze,BRA,MARIANO Arthur
2016,Artistic Gymnastics,M,Men's Pommel Horse,Gold,GBR,WHITLOCK Max
2016,Artistic Gymnastics,M,Men's Pommel Horse,Silver,GBR,SMITH Louis
2016,Artistic Gymnastics,M,Men's Pommel Horse,Bronze,USA,NADDOUR Alexander
2016,Artistic Gymnastics,M,Men's Rings,Gold,GRE,PETROUNIAS Eleftherios
2016,Artistic Gymnastics,M,Men's Rings,Silver,BRA,ZANETTI Arthur
2016,Artistic Gymnastics,M,Men's Rings,Bronze,RUS,ABLIAZIN Denis
2016,Artistic Gymnastics,M,Men's Vault,Gold,PRK,RI Se Gwang
2016,Artistic Gymnastics,M,Men's Vault,Silver,RUS,ABLIAZIN Denis
2016,Artistic Gymnastics,M,Men's Vault,Bronze,JPN,SHIRAI Kenzo
2016,Artistic Gymnastics,M,Men's Parallel Bars,Gold,UKR,VERNIAIEV Oleg
2016,Artistic Gymnastics,M,Men's Parallel Bars,Silver,USA,LEYVA Danell
2016,Artistic Gymnastics,M,Men's Parallel Bars,Bronze,RUS,BELYAVSKIY David
2016,Artistic Gymnastics,M,Men's Horizontal Bar,Gold,GER,HAMBUECHEN Fabian
2016,Artistic Gymnastics,M,Men's Horizontal Bar,Silver,USA,LEYVA Danell
2016,Artistic Gymnastics,M,Men's Horizontal Bar,Bronze,GBR,WILSON Nile
2016,Artistic Gymnastics,M,Men's Team,Gold,JPN,Japan
2016,Artistic Gymnastics,M,Men's Team,Silver,RUS,Russian Federation
2016,Artistic Gymnastics,M,Men's Team,Bronze,CHN,China
2016,Artistic Gymnastics,W,Women's Individual All-Around,Gold,USA,BILES Simone
2016,Artistic Gymnastics,W,Women's Individual All-Around,Silver,USA,RAISMAN Alexandra
2016,Artistic Gymnastics,W,Women's Individual All-Around,Bronze,RUS,MUSTAFINA Aliya
2016,Artistic Gymnastics,W,Women's Vault,Gold,USA,BILES Simone
2016,Artistic Gymnastics,W,Women's Vault,Silver,RUS,PASEKA Maria
2016,Artistic Gymnastics,W,Women's Vault,Bronze,SUI,STEINGRUBER Giulia
2016,Artistic Gymnastics,W,Women's Uneven Bars,Gold,RUS,MUSTAFINA Aliya
2016,Artistic Gymnastics,W,Women's Uneven Bars,Silver,USA,KOCIAN Madison
2016,Artistic Gymnastics,W,Women's Uneven Bars,Bronze,GER,SCHEDER Sophie
2016,Artistic Gymnastics,W,Women's Balance Beam,Gold,NED,WEVERS Sanne
2016,Artistic Gymnastics,W,Women's Balance Beam,Silver,USA,HERNANDEZ Lauren
2016,Artistic Gymnastics,W,Women's Balance Beam,Bronze,USA,BILES Simone
2016,Artistic Gymnastics,W,Women's Floor Exercise,Gold,USA,BILES Simone
2016,Artistic Gymnastics,W,Women's Floor Exercise,Silver,USA,RAISMAN Alexandra
2016,Artistic Gymnastics,W,Women's Floor Exercise,Bronze,GBR,TINKLER Amy
2016,Artistic Gymnastics,W,Women's Team,Gold,USA,United States
2016,Artistic Gymnastics,W,Women's Team,Silver,RUS,Russian Federation
2016,Artistic Gymnastics,W,Women's Team,Bronze,CHN,China
2016,Athletics,M,Men's 100m,Gold,JAM,BOLT Usain
2016,Athletics,M,Men's 100m,Silver,USA,GATLIN Justin
2016,Athletics,M,Men's 100m,Bronze,CAN,DE GRASSE Andre
2016,Athletics,M,Men's 200m,Gold,JAM,BOLT Usain
2016,Athletics,M,Men's 200m,Silver,CAN,DE GRASSE Andre
2016,Athletics,M,Men's 200m,Bronze,FRA,LEMAITRE Christophe
2016,Athletics,M,Men's 400m,Gold,RSA,VAN NIEKERK Wayde
2016,Athletics,M,Men's 400m,Silver,GRN,JAMES Kirani
2016,Athletics,M,Men's 400m,Bronze,USA,MERRITT Lashawn
2016,Athletics,M,Men's 800m,Gold,KEN,RUDISHA David Lekuta
2016,Athletics,M,Men's 800m,Silver,ALG,MAKHLOUFI Taoufik
2016,Athletics,M,Men's 800m,Bronze,USA,MURPHY Clayton
2016,Athletics,M,Men's 1500m,Gold,USA,CENTROWITZ Matthew
2016,Athletics,M,Men's 1500m,Silver,ALG,MAKHLOUFI Taoufik
2016,Athletics,M,Men's 1500m,Bronze,NZL,WILLIS Nicholas
2016,Athletics,M,Men's 5000m,Gold,GBR,FARAH Mohamed
2016,Athletics,M,Men's 5000m,Silver,USA,CHELIMO Paul Kipkemoi
2016,Athletics,M,Men's 5000m,Bronze,ETH,GEBRHIWET Hagos
2016,Athletics,M,"Men's 10,000m",Gold,GBR,FARAH Mohamed
2016,Athletics,M,"Men's 10,000m",Silver,KEN,TANUI Paul Kipngetich
2016,Athletics,M,"Men's 10,000m",Bronze,ETH,TOLA Tamirat
2016,Athletics,M,Men's Marathon,Gold,KEN,KIPCHOGE Eliud
2016,Athletics,M,Men's Marathon,Silver,ETH,LILESA Feyisa
2016,Athletics,M,Men's Marathon,Bronze,USA,RUPP Galen
2016,Athletics,M,Men's 3000m Steeplechase,Gold,KEN,KIPRUTO Conseslus
2016,Athletics,M,Men's 3000m Steeplechase,Silver,USA,JAGER Evan
2016,Athletics,M,Men's 3000m Steeplechase,Bronze,FRA,MEKHISSI Mahiedine
2016,Athletics,M,Men's 110m Hurdles,Gold,JAM,MCLEOD Omar
2016,Athletics,M,Men's 110m Hurdles,Silver,ESP,ORTEGA Orlando
2016,Athletics,M,Men's 110m Hurdles,Bronze,FRA,BASCOU Dimitri
2016,Athletics,M,Men's 400m Hurdles,Gold,USA,CLEMENT Kerron
2016,Athletics,M,Men's 400m Hurdles,Silver,KEN,TUMUTI Boniface Mucheru
2016,Athletics,M,Men's 400m Hurdles,Bronze,TUR,COPELLO Yasmani
2016,Athletics,M,Men's High Jump,Gold,CAN,DROUIN Derek
2016,Athletics,M,Men's High Jump,Silver,QAT,BARSHIM Mutaz Essa
2016,Athletics,M,Men's High Jump,Bronze,UKR,BONDARENKO Bohdan
2016,Athletics,M,Men's Pole Vault,Gold,BRA,DA SILVA Thiago Braz
2016,Athletics,M,Men's Pole Vault,Silver,FRA,LAVILLENIE Renaud
2016,Athletics,M,Men's Pole Vault,Bronze,USA,KENDRICKS Sam
2016,Athletics,M,Men's Long Jump,Gold,USA,HENDERSON Jeff
2016,Athletics,M,Men's Long Jump,Silver,RSA,MANYONGA Luvo
2016,Athletics,M,Men's Long Jump,Bronze,GBR,RUTHERFORD Greg
2016,Athletics,M,Men's Triple Jump,Gold,USA,TAYLOR Christian
2016,Athletics,M,Men's Triple Jump,Silver,USA,CLAYE Will
2016,Athletics,M,Men's Triple Jump,Bronze,CHN,DONG Bin
2016,Athletics,M,Men's Shot Put,Gold,USA,CROUSER Ryan
2016,Athletics,M,Men's Shot Put,Silver,USA,KOVACS Joe
2016,Athletics,M,Men's Shot Put,Bronze,NZL,WALSH Tomas
2016,Athletics,M,Men's Discus Throw,Gold,GER,HARTING Christoph
2016,Athletics,M,Men's Discus Throw,Silver,POL,MALACHOWSKI Piotr
2016,Athletics,M,Men's Discus Throw,Bronze,GER,JASINSKI Daniel
2016,Athletics,M,Men's Hammer Throw,Gold,TJK,NAZAROV Dilshod
2016,Athletics,M,Men's Hammer Throw,Silver,BLR,TSIKHAN Ivan
2016,Athletics,M,Men's Hammer Throw,Bronze,POL,NOWICKI Wojciech
2016,Athletics,M,Men's Javelin Throw,Gold,GER,ROHLER Thomas
2016,Athletics,M,Men's Javelin Throw,Silver,KEN,YEGO Julius
2016,Athletics,M,Men's Javelin Throw,Bronze,TTO,WALCOTT Keshorn
2016,Athletics,M,Men's Decathlon,Gold,USA,EATON Ashton
2016,Athletics,M,Men's Decathlon,Silver,FRA,MAYER Kevin
2016,Athletics,M,Men's Decathlon,Bronze,CAN,WARNER Damian
2016,Athletics,M,Men's 20km Walk,Gold,CHN,WANG Zhen
2016,Athletics,M,Men's 20km Walk,Silver,CHN,CAI Zelin
2016,Athletics,M,Men's 20km Walk,Bronze,AUS,BIRD-SMITH Dane
2016,Athletics,M,Men's 50km Walk,Gold,SVK,TOTH Matej
2016,Athletics,M,Men's 50km Walk,Silver,AUS,TALLENT Jared
2016,Athletics,M,Men's 50km Walk,Bronze,JPN,ARAI Hirooki
2016,Athletics,M,Men's 4 x 100m Relay,Gold,JAM,Jamaica
2016,Athletics,M,Men's 4 x 100m Relay,Silver,JPN,Japan
2016,Athletics,M,Men's 4 x 100m Relay,Bronze,CAN,Canada
2016,Athletics,M,Men's 4 x 400m Relay,Gold,USA,United States
2016,Athletics,M,Men's 4 x 400m Relay,Silver,JAM,Jamaica
2016,Athletics,M,Men's 4 x 400m Relay,Bronze,BAH,Bahamas
2016,Athletics,W,Women's 100m,Gold,JAM,THOMPSON Elaine
2016,Athletics,W,Women's 100m,Silver,USA,BOWIE Tori
2016,Athletics,W,Women's 100m,Bronze,JAM,FRASER-PRYCE Shelly-Ann
2016,Athletics,W,Women's 200m,Gold,JAM,THOMPSON Elaine
2016,Athletics,W,Women's 200m,Silver,NED,SCHIPPERS Dafne
2016,Athletics,W,Women's 200m,Bronze,USA,BOWIE Tori
2016,Athletics,W,Women's 400m,Gold,BAH,MILLER Shaunae
2016,Athletics,W,Women's 400m,Silver,USA,FELIX Allyson
2016,Athletics,W,Women's 400m,Bronze,JAM,JACKSON Shericka
2016,Athletics,W,Women's 800m,Gold,RSA,SEMENYA Caster
2016,Athletics,W,Women's 800m,Silver,BDI,NIYONSABA Francine
2016,Athletics,W,Women's 800m,Bronze,KEN,WAMBUI Margaret Nyairera
2016,Athletics,W,Women's 1500m,Gold,KEN,KIPYEGON Faith Chepngetich
2016,Athletics,W,Women's 1500m,Silver,ETH,DIBABA Genzebe
2016,Athletics,W,Women's 1500m,Bronze,USA,SIMPSON Jennifer
2016,Athletics,W,Women's 5000m,Gold,KEN,CHERUIYOT Vivian Jepkemoi
2016,Athletics,W,Women's 5000m,Silver,KEN,OBIRI Hellen Onsando
2016,Athletics,W,Women's 5000m,Bronze,ETH,AYANA Almaz
2016,Athletics,W,"Women's 10,000m",Gold,ETH,AYANA Almaz
2016,Athletics,W,"Women's 10,000m",Silver,KEN,CHERUIYOT Vivian Jepkemoi
2016,Athletics,W,"Women's 10,000m",Bronze,ETH,DIBABA Tirunesh
2016,Athletics,W,Women's Marathon,Gold,KEN,SUMGONG Jemima Jelagat
2016,Athletics,W,Women's Marathon,Silver,BRN,KIRWA Eunice Jepkirui
2016,Athletics,W,Women's Marathon,Bronze,ETH,DIBABA Mare
2016,Athletics,W,Women's 3000m Steeplechase,Gold,BRN,JEBET Ruth
2016,Athletics,W,Women's 3000m Steeplechase,Silver,KEN,JEPKEMOI Hyvin Kiyeng
2016,Athletics,W,Women's 3000m Steeplechase,Bronze,USA,COBURN Emma
2016,Athletics,W,Women's 100m Hurdles,Gold,USA,ROLLINS Brianna
2016,Athletics,W,Women's 100m Hurdles,Silver,USA,ALI Nia
2016,Athletics,W,Women's 100m Hurdles,Bronze,USA,CASTLIN Kristi
2016,Athletics,W,Women's 400m Hurdles,Gold,USA,MUHAMMAD Dalilah
2016,Athletics,W,Women's 400m Hurdles,Silver,DEN,PETERSEN Sara Slott
2016,Athletics,W,Women's 400m Hurdles,Bronze,USA,SPENCER Ashley
2016,Athletics,W,Women's High Jump,Gold,ESP,BEITIA Ruth
2016,Athletics,W,Women's High Jump,Silver,BUL,DEMIREVA Mirela
2016,Athletics,W,Women's High Jump,Bronze,CRO,VLASIC Blanka
2016,Athletics,W,Women's Pole Vault,Gold,GRE,STEFANIDI Ekaterini
2016,Athletics,W,Women's Pole Vault,Silver,USA,MORRIS Sandi
2016,Athletics,W,Women's Pole Vault,Bronze,NZL,MCCARTNEY Eliza
2016,Athletics,W,Women's Long Jump,Gold,USA,BARTOLETTA Tianna
2016,Athletics,W,Women's Long Jump,Silver,USA,REESE Brittney
2016,Athletics,W,Women's Long Jump,Bronze,SRB,SPANOVIC Ivana
2016,Athletics,W,Women's Triple Jump,Gold,COL,IBARGUEN Caterine
2016,Athletics,W,Women's Triple Jump,Silver,VEN,ROJAS Yulimar
2016,Athletics,W,Women's Triple Jump,Bronze,KAZ,RYPAKOVA Olga
2016,Athletics,W,Women's Shot Put,Gold,USA,CARTER Michelle
2016,Athletics,W,Women's Shot Put,Silver,NZL,ADAMS Valerie
2016,Athletics,W,Women's Shot Put,Bronze,HUN,MARTON Anita
2016,Athletics,W,Women's Discus Throw,Gold,CRO,PERKOVIC Sandra
2016,Athletics,W,Women's Discus Throw,Silver,FRA,ROBERT-MICHON Melina
2016,Athletics,W,Women's Discus Throw,Bronze,CUB,CABALLERO Denia
2016,Athletics,W,Women's Hammer Throw,Gold,POL,WLODARCZYK Anita
2016,Athletics,W,Women's Hammer Throw,Silver,CHN,ZHANG Wenxiu
2016,Athletics,W,Women's Hammer Throw,Bronze,GBR,HITCHON Sophie
2016,Athletics,W,Women's Javelin Throw,Gold,CRO,KOLAK Sara
2016,Athletics,W,Women's Javelin Throw,Silver,RSA,VILJOEN Sunette
2016,Athletics,W,Women's Javelin Throw,Bronze,CZE,SPOTAKOVA Barbora
2016,Athletics,W,Women's Heptathlon,Gold,BEL,THIAM Nafissatou
2016,Athletics,W,Women's Heptathlon,Silver,GBR,ENNIS-HILL Jessica
2016,Athletics,W,Women's Heptathlon,Bronze,CAN,THEISEN EATON Brianne
2016,Athletics,W,Women's 20km Walk,Gold,CHN,LIU Hong
2016,Athletics,W,Women's 20km Walk,Silver,MEX,GONZALEZ Maria Guadalupe
2016,Athletics,W,Women's 20km Walk,Bronze,CHN,LU Xiuzhi
2016,Athletics,W,Women's 4 x 100m Relay,Gold,USA,United States
2016,Athletics,W,Women's 4 x 100m Relay,Silver,JAM,Jamaica
2016,Athletics,W,Women's 4 x 100m Relay,Bronze,GBR,Great Britain
2016,Athletics,W,Women's 4 x 400m Relay,Gold,USA,United States
2016,Athletics,W,Women's 4 x 400m Relay,Silver,JAM,Jamaica
2016,Athletics,W,Women's 4 x 400m Relay,Bronze,GBR,Great Britain
2016,Badminton,M,Men's Singles,Gold,CHN,CHEN Long
2016,Badminton,M,Men's Singles,Silver,MAS,LEE Chong Wei
2016,Badminton,M,Men's Singles,Bronze,DEN,AXELSEN Viktor
2016,Badminton,W,Women's Singles,Gold,ESP,MARIN Carolina
2016,Badminton,W,Women's Singles,Silver,IND,PUSARLA V. Sindhu
2016,Badminton,W,Women's Singles,Bronze,JPN,OKUHARA Nozomi
2016,Badminton,M,Men's Doubles,Gold,CHN,Zhang
2016,Badminton,M,Men's Doubles,Gold,CHN,Fu
2016,Badminton,M,Men's Doubles,Silver,MAS,Goh
2016,Badminton,M,Men's Doubles,Silver,MAS,Tan
2016,Badminton,M,Men's Doubles,Bronze,GBR,Ellis
2016,Badminton,M,Men's Doubles,Bronze,GBR,Langridge
2016,Badminton,W,Women's Doubles,Gold,JPN,Takahashi
2016,Badminton,W,Women's Doubles,Gold,JPN,Matsutomo
2016,Badminton,W,Women's Doubles,Silver,DEN,Rytter juhl
2016,Badminton,W,Women's Doubles,Silver,DEN,Pedersen
2016,Badminton,W,Women's Doubles,Bronze,KOR,Jung
2016,Badminton,W,Women's Doubles,Bronze,KOR,Shin
2016,Badminton,X,Mixed Doubles,Gold,INA,Natsir
2016,Badminton,X,Mixed Doubles,Gold,INA,Ahmad
2016,Badminton,X,Mixed Doubles,Silver,MAS,Chan
2016,Badminton,X,Mixed Doubles,Silver,MAS,Goh
2016,Badminton,X,Mixed Doubles,Bronze,CHN,Zhang
2016,Badminton,X,Mixed Doubles,Bronze,CHN,Zhao
2016,Basketball,M,Men,Gold,USA,United States
2016,Basketball,M,Men,Silver,SRB,Serbia
2016,Basketball,M,Men,Bronze,ESP,Spain
2016,Basketball,W,Women,Gold,USA,United States
2016,Basketball,W,Women,Silver,ESP,Spain
2016,Basketball,W,Women,Bronze,SRB,Serbia
2016,Beach Volleyball,M,Men,Gold,BRA,Cerutti
2016,Beach Volleyball,M,Men,Gold,BRA,Oscar Schmidt
2016,Beach Volleyball,M,Men,Silver,ITA,Nicolai
2016,Beach Volleyball,M,Men,Silver,ITA,Lupo
2016,Beach Volleyball,M,Men,Bronze,NED,Meeuwsen
2016,Beach Volleyball,M,Men,Bronze,NED,Brouwer
2016,Beach Volleyball,W,Women,Gold,GER,Ludwig
2016,Beach Volleyball,W,Women,Gold,GER,Walkenhorst
2016,Beach Volleyball,W,Women,Silver,BRA,Bednarczuk
2016,Beach Volleyball,W,Women,Silver,BRA,Seixas de Freitas
2016,Beach Volleyball,W,Women,Bronze,USA,Ross
2016,Beach Volleyball,W,Women,Bronze,USA,Walsh Jennings
2016,Boxing,M,Men's Light Fly (46-49kg),Gold,UZB,DUSMATOV Hasanboy
2016,Boxing,M,Men's Light Fly (46-49kg),Silver,COL,MARTINEZ Yurberjen Herney
2016,Boxing,M,Men's Light Fly (46-49kg),Bronze,USA,HERNANDEZ Nico Miguel
2016,Boxing,M,Men's Light Fly (46-49kg),Bronze,CUB,ARGILAGOS Joahnys
2016,Boxing,M,Men's Fly (52kg),Gold,UZB,ZOIROV Shakhobidin
2016,Boxing,M,Men's Fly (52kg),Silver,RUS,ALOIAN Misha
2016,Boxing,M,Men's Fly (52kg),Bronze,VEN,FINOL Yoel Segundo
2016,Boxing,M,Men's Fly (52kg),Bronze,CHN,HU Jianguan
2016,Boxing,M,Men's Bantam (56kg),Gold,CUB,RAMIREZ Robeisy
2016,Boxing,M,Men's Bantam (56kg),Silver,USA,STEVENSON Shakur
2016,Boxing,M,Men's Bantam (56kg),Bronze,RUS,NIKITIN Vladimir
2016,Boxing,M,Men's Bantam (56kg),Bronze,UZB,AKHMADALIEV Murodjon
2016,Boxing,M,Men's Light (60kg),Gold,BRA,CONCEICAO Robson
2016,Boxing,M,Men's Light (60kg),Silver,FRA,OUMIHA Sofiane
2016,Boxing,M,Men's Light (60kg),Bronze,CUB,ALVAREZ Lazaro Jorge
2016,Boxing,M,Men's Light (60kg),Bronze,MGL,DORJNYAMBUU Otgondalai
2016,Boxing,M,Men's Light Welter (64kg),Gold,UZB,GAIBNAZAROV Fazliddin
2016,Boxing,M,Men's Light Welter (64kg),Silver,AZE,SOTOMAYOR COLLAZO Lorenzo
2016,Boxing,M,Men's Light Welter (64kg),Bronze,GER,HARUTYUNYAN Artem
2016,Boxing,M,Men's Light Welter (64kg),Bronze,RUS,DUNAYTSEV Vitaly
2016,Boxing,M,Men's Welter (69kg),Gold,KAZ,YELEUSSINOV Daniyar
2016,Boxing,M,Men's Welter (69kg),Silver,UZB,GIYASOV Shakhram
2016,Boxing,M,Men's Welter (69kg),Bronze,FRA,CISSOKHO Souleymane Diop
2016,Boxing,M,Men's Welter (69kg),Bronze,MAR,RABII Mohammed
2016,Boxing,M,Men's Middle (75kg),Gold,CUB,LOPEZ Arlen
2016,Boxing,M,Men's Middle (75kg),Silver,UZB,MELIKUZIEV Bektemir
2016,Boxing,M,Men's Middle (75kg),Bronze,MEX,RODRIGUEZ Misael Uziel
2016,Boxing,M,Men's Middle (75kg),Bronze,AZE,SHAKHSUVARLY Kamran
2016,Boxing,M,Men's Light Heavy (81kg),Gold,CUB,LA CRUZ Julio Cesar
2016,Boxing,M,Men's Light Heavy (81kg),Silver,KAZ,NIYAZYMBETOV Adilbek
2016,Boxing,M,Men's Light Heavy (81kg),Bronze,GBR,BUATSI Joshua
2016,Boxing,M,Men's Light Heavy (81kg),Bronze,FRA,BAUDERLIQUE Mathieu Albert Daniel
2016,Boxing,M,Men's Heavy (91kg),Gold,RUS,TISHCHENKO Evgeny
2016,Boxing,M,Men's Heavy (91kg),Silver,KAZ,LEVIT Vassiliy
2016,Boxing,M,Men's Heavy (91kg),Bronze,UZB,TULAGANOV Rustam
2016,Boxing,M,Men's Heavy (91kg),Bronze,CUB,SAVON Erislandy
2016,Boxing,M,Men's Super Heavy (+91kg),Gold,FRA,YOKA Tony Victor
2016,Boxing,M,Men's Super Heavy (+91kg),Gold,FRA,James
2016,Boxing,M,Men's Super Heavy (+91kg),Silver,GBR,JOYCE Joe
2016,Boxing,M,Men's Super Heavy (+91kg),Bronze,KAZ,DYCHKO Ivan
2016,Boxing,M,Men's Super Heavy (+91kg),Bronze,CRO,HRGOVIC Filip
2016,Boxing,W,Women's Fly (48-51kg),Gold,GBR,ADAMS Nicola
2016,Boxing,W,Women's Fly (48-51kg),Silver,FRA,OURAHMOUNE Sarah
2016,Boxing,W,Women's Fly (48-51kg),Bronze,COL,VALENCIA VICTORIA Ingrit Lorena
2016,Boxing,W,Women's Fly (48-51kg),Bronze,CHN,REN Cancan
2016,Boxing,W,Women's Light (57-60kg),Gold,FRA,MOSSELY Estelle
2016,Boxing,W,Women's Light (57-60kg),Silver,CHN,YIN Junhua
2016,Boxing,W,Women's Light (57-60kg),Bronze,RUS,BELIAKOVA Anastasiia
2016,Boxing,W,Women's Light (57-60kg),Bronze,FIN,POTKONEN Mira
2016,Boxing,W,Women's Middle (69-75kg),Gold,USA,SHIELDS Claressa Maria
2016,Boxing,W,Women's Middle (69-75kg),Silver,NED,FONTIJN Nouchka
2016,Boxing,W,Women's Middle (69-75kg),Bronze,CHN,LI Qian
2016,Boxing,W,Women's Middle (69-75kg),Bronze,KAZ,SHAKIMOVA Dariga
2016,Canoe Slalom,M,Canoe Single (C1) Men,Gold,FRA,GARGAUD CHANUT Denis
2016,Canoe Slalom,M,Canoe Single (C1) Men,Silver,SVK,BENUS Matej
2016,Canoe Slalom,M,Canoe Single (C1) Men,Bronze,JPN,HANEDA Takuya
2016,Canoe Slalom,W,Kayak (K1) Women,Gold,ESP,CHOURRAUT Maialen
2016,Canoe Slalom,W,Kayak (K1) Women,Silver,NZL,JONES Luuka
2016,Canoe Slalom,W,Kayak (K1) Women,Bronze,AUS,FOX Jessica
2016,Canoe Slalom,M,Canoe Double (C2) Men,Gold,SVK,PETER Skantar
2016,Canoe Slalom,M,Canoe Double (C2) Men,Gold,SVK,LADISLAV Skantar
2016,Canoe Slalom,M,Canoe Double (C2) Men,Silver,GBR,DAVID Florence
2016,Canoe Slalom,M,Canoe Double (C2) Men,Silver,GBR,RICHARD Hounslow
2016,Canoe Slalom,M,Canoe Double (C2) Men,Bronze,FRA,MATTHIEU Peche
2016,Canoe Slalom,M,Canoe Double (C2) Men,Bronze,FRA,GAUTHIER Klauss
2016,Canoe Slalom,M,Kayak (K1) Men,Gold,GBR,CLARKE Joseph
2016,Canoe Slalom,M,Kayak (K1) Men,Silver,SLO,KAUZER Peter
2016,Canoe Slalom,M,Kayak (K1) Men,Bronze,CZE,PRSKAVEC Jiri
2016,Canoe Sprint,M,Men's Kayak Single 200m,Gold,GBR,HEATH Liam
2016,Canoe Sprint,M,Men's Kayak Single 200m,Silver,FRA,BEAUMONT Maxime
2016,Canoe Sprint,M,Men's Kayak Single 200m,Bronze,ESP,CRAVIOTTO Saul
2016,Canoe Sprint,M,Men's Kayak Single 200m,Bronze,GER,RAUHE Ronald
2016,Canoe Sprint,M,Men's Kayak Single 1000m,Gold,ESP,WALZ Marcus
2016,Canoe Sprint,M,Men's Kayak Single 1000m,Silver,CZE,DOSTAL Josef
2016,Canoe Sprint,M,Men's Kayak Single 1000m,Bronze,RUS,ANOSHKIN Roman
2016,Canoe Sprint,M,Men's Kayak Double 200m,Gold,ESP,Craviotto
2016,Canoe Sprint,M,Men's Kayak Double 200m,Gold,ESP,Toro
2016,Canoe Sprint,M,Men's Kayak Double 200m,Silver,GBR,Heath
2016,Canoe Sprint,M,Men's Kayak Double 200m,Silver,GBR,Schofield
2016,Canoe Sprint,M,Men's Kayak Double 200m,Bronze,LTU,Ramanauskas
2016,Canoe Sprint,M,Men's Kayak Double 200m,Bronze,LTU,Lankas
2016,Canoe Sprint,M,Men's Kayak Double 1000m,Gold,GER,Gross
2016,Canoe Sprint,M,Men's Kayak Double 1000m,Gold,GER,Rendschmidt
2016,Canoe Sprint,M,Men's Kayak Double 1000m,Silver,SRB,Tomicevic
2016,Canoe Sprint,M,Men's Kayak Double 1000m,Silver,SRB,Zoric
2016,Canoe Sprint,M,Men's Kayak Double 1000m,Bronze,AUS,Tame
2016,Canoe Sprint,M,Men's Kayak Double 1000m,Bronze,AUS,Wallace
2016,Canoe Sprint,M,Men's Kayak Four 1000m,Gold,GER,Germany
2016,Canoe Sprint,M,Men's Kayak Four 1000m,Silver,SVK,Slovakia
2016,Canoe Sprint,M,Men's Kayak Four 1000m,Bronze,CZE,Czech Republic
2016,Canoe Sprint,M,Men's Canoe Single 200m,Gold,UKR,CHEBAN Iurii
2016,Canoe Sprint,M,Men's Canoe Single 200m,Silver,AZE,DEMYANENKO Valentin
2016,Canoe Sprint,M,Men's Canoe Single 200m,Bronze,BRA,QUEIROZ DOS SANTOS Isaquias
2016,Canoe Sprint,M,Men's Canoe Single 1000m,Gold,GER,BRENDEL Sebastian
2016,Canoe Sprint,M,Men's Canoe Single 1000m,Silver,BRA,QUEIROZ DOS SANTOS Isaquias
2016,Canoe Sprint,M,Men's Canoe Single 1000m,Bronze,MDA,TARNOVSCHI Serghei
2016,Canoe Sprint,M,Men's Canoe Double 1000m,Gold,GER,Brendel
2016,Canoe Sprint,M,Men's Canoe Double 1000m,Gold,GER,Vandrey
2016,Canoe Sprint,M,Men's Canoe Double 1000m,Silver,BRA,de Souza Silva
2016,Canoe Sprint,M,Men's Canoe Double 1000m,Silver,BRA,Queiroz dos Santos
2016,Canoe Sprint,M,Men's Canoe Double 1000m,Bronze,UKR,Ianchuk
2016,Canoe Sprint,M,Men's Canoe Double 1000m,Bronze,UKR,Mishchuk
2016,Canoe Sprint,W,Women's Kayak Single 200m,Gold,NZL,CARRINGTON Lisa
2016,Canoe Sprint,W,Women's Kayak Single 200m,Silver,POL,WALCZYKIEWICZ Marta
2016,Canoe Sprint,W,Women's Kayak Single 200m,Bronze,AZE,OSIPENKO-RODOMSKA Inna
2016,Canoe Sprint,W,Women's Kayak Single 500m,Gold,HUN,KOZAK Danuta
2016,Canoe Sprint,W,Women's Kayak Single 500m,Silver,DEN,JORGENSEN Emma
2016,Canoe Sprint,W,Women's Kayak Single 500m,Bronze,NZL,CARRINGTON Lisa
2016,Canoe Sprint,W,Women's Kayak Double 500m,Gold,HUN,Kozak
2016,Canoe Sprint,W,Women's Kayak Double 500m,Gold,HUN,Szabo
2016,Canoe Sprint,W,Women's Kayak Double 500m,Silver,GER,Dietze
2016,Canoe Sprint,W,Women's Kayak Double 500m,Silver,GER,Weber
2016,Canoe Sprint,W,Women's Kayak Double 500m,Bronze,POL,Mikolajczyk
2016,Canoe Sprint,W,Women's Kayak Double 500m,Bronze,POL,Naja
2016,Canoe Sprint,W,Women's Kayak Four 500m,Gold,HUN,Hungary
2016,Canoe Sprint,W,Women's Kayak Four 500m,Silver,GER,Germany
2016,Canoe Sprint,W,Women's Kayak Four 500m,Bronze,BLR,Belarus
2016,Cycling BMX,M,Men,Gold,USA,FIELDS Connor
2016,Cycling BMX,M,Men,Silver,NED,VAN GORKOM Jelle
2016,Cycling BMX,M,Men,Bronze,COL,RAMIREZ YEPES Carlos Alberto
2016,Cycling BMX,W,Women,Gold,COL,PAJON Mariana
2016,Cycling BMX,W,Women,Silver,USA,POST Alise
2016,Cycling BMX,W,Women,Bronze,VEN,HERNANDEZ Stefany
2016,Cycling Mountain Bike,M,Men's Cross-country,Gold,SUI,SCHURTER Nino
2016,Cycling Mountain Bike,M,Men's Cross-country,Silver,CZE,KULHAVY Jaroslav
2016,Cycling Mountain Bike,M,Men's Cross-country,Bronze,ESP,COLOMA NICOLAS Carlos
2016,Cycling Mountain Bike,W,Women's Cross-country,Gold,SWE,RISSVEDS Jenny
2016,Cycling Mountain Bike,W,Women's Cross-country,Silver,POL,WLOSZCZOWSKA Maja
2016,Cycling Mountain Bike,W,Women's Cross-country,Bronze,CAN,PENDREL Catharine
2016,Cycling Road,M,Men's Road Race,Gold,BEL,VAN AVERMAET Greg
2016,Cycling Road,M,Men's Road Race,Silver,DEN,FUGLSANG Jakob
2016,Cycling Road,M,Men's Road Race,Bronze,POL,MAJKA Rafal
2016,Cycling Road,M,Men's Individual Time Trial,Gold,SUI,CANCELLARA Fabian
2016,Cycling Road,M,Men's Individual Time Trial,Silver,NED,DUMOULIN Tom
2016,Cycling Road,M,Men's Individual Time Trial,Bronze,GBR,FROOME Christopher
2016,Cycling Road,W,Women's Road Race,Gold,NED,VAN DER BREGGEN Anna
2016,Cycling Road,W,Women's Road Race,Silver,SWE,JOHANSSON Emma
2016,Cycling Road,W,Women's Road Race,Bronze,ITA,LONGO BORGHINI Elisa
2016,Cycling Road,W,Women's Individual Time Trial,Gold,USA,ARMSTRONG Kristin
2016,Cycling Road,W,Women's Individual Time Trial,Silver,RUS,ZABELINSKAYA Olga
2016,Cycling Road,W,Women's Individual Time Trial,Bronze,NED,VAN DER BREGGEN Anna
2016,Cycling Track,M,Men's Sprint,Gold,GBR,KENNY Jason
2016,Cycling Track,M,Men's Sprint,Silver,GBR,SKINNER Callum
2016,Cycling Track,M,Men's Sprint,Bronze,RUS,DMITRIEV Denis
2016,Cycling Track,W,Women's Sprint,Gold,GER,VOGEL Kristina
2016,Cycling Track,W,Women's Sprint,Silver,GBR,JAMES Rebecca
2016,Cycling Track,W,Women's Sprint,Bronze,GBR,MARCHANT Katy
2016,Cycling Track,M,Men's Team Sprint,Gold,GBR,Great Britain
2016,Cycling Track,M,Men's Team Sprint,Silver,NZL,New Zealand
2016,Cycling Track,M,Men's Team Sprint,Bronze,FRA,France
2016,Cycling Track,W,Women's Team Sprint,Gold,CHN,Gong
2016,Cycling Track,W,Women's Team Sprint,Gold,CHN,Zhong
2016,Cycling Track,W,Women's Team Sprint,Silver,RUS,Voinova
2016,Cycling Track,W,Women's Team Sprint,Silver,RUS,Shmeleva
2016,Cycling Track,W,Women's Team Sprint,Bronze,GER,Vogel
2016,Cycling Track,W,Women's Team Sprint,Bronze,GER,Welte
2016,Cycling Track,M,Men's Keirin,Gold,GBR,KENNY Jason
2016,Cycling Track,M,Men's Keirin,Silver,NED,BUCHLI Matthijs
2016,Cycling Track,M,Men's Keirin,Bronze,MAS,AWANG Azizulhasni
2016,Cycling Track,W,Women's Keirin,Gold,NED,LIGTLEE Elis
2016,Cycling Track,W,Women's Keirin,Silver,GBR,JAMES Rebecca
2016,Cycling Track,W,Women's Keirin,Bronze,AUS,MEARES Anna
2016,Cycling Track,M,Men's Team Pursuit,Gold,GBR,Great Britain
2016,Cycling Track,M,Men's Team Pursuit,Silver,AUS,Australia
2016,Cycling Track,M,Men's Team Pursuit,Bronze,DEN,Denmark
2016,Cycling Track,W,Women's Team Pursuit,Gold,GBR,Great Britain
2016,Cycling Track,W,Women's Team Pursuit,Silver,USA,United States
2016,Cycling Track,W,Women's Team Pursuit,Bronze,CAN,Canada
2016,Cycling Track,M,Men's Omnium,Gold,ITA,VIVIANI Elia
2016,Cycling Track,M,Men's Omnium,Silver,GBR,CAVENDISH Mark
2016,Cycling Track,M,Men's Omnium,Bronze,DEN,HANSEN Lasse Norman
2016,Cycling Track,W,Women's Omnium,Gold,GBR,TROTT Laura
2016,Cycling Track,W,Women's Omnium,Silver,USA,HAMMER Sarah
2016,Cycling Track,W,Women's Omnium,Bronze,BEL,D'HOORE Jolien
2016,Diving,M,Men's 3m Springboard,Gold,CHN,CAO Yuan
2016,Diving,M,Men's 3m Springboard,Silver,GBR,LAUGHER Jack
2016,Diving,M,Men's 3m Springboard,Bronze,GER,HAUSDING Patrick
2016,Diving,W,Women's 3m Springboard,Gold,CHN,SHI Tingmao
2016,Diving,W,Women's 3m Springboard,Silver,CHN,HE Zi
2016,Diving,W,Women's 3m Springboard,Bronze,ITA,CAGNOTTO Tania
2016,Diving,M,Men's 10m Platform,Gold,CHN,CHEN Aisen
2016,Diving,M,Men's 10m Platform,Silver,MEX,SANCHEZ German
2016,Diving,M,Men's 10m Platform,Bronze,USA,BOUDIA David
2016,Diving,W,Women's 10m Platform,Gold,CHN,REN Qian
2016,Diving,W,Women's 10m Platform,Silver,CHN,SI Yajie
2016,Diving,W,Women's 10m Platform,Bronze,CAN,BENFEITO Meaghan
2016,Diving,M,Men's Synchronised 3m Springboard,Gold,GBR,Laugher
2016,Diving,M,Men's Synchronised 3m Springboard,Gold,GBR,Mears
2016,Diving,M,Men's Synchronised 3m Springboard,Silver,USA,Dorman
2016,Diving,M,Men's Synchronised 3m Springboard,Silver,USA,Hixon
2016,Diving,M,Men's Synchronised 3m Springboard,Bronze,CHN,Cao
2016,Diving,M,Men's Synchronised 3m Springboard,Bronze,CHN,Qin
2016,Diving,W,Women's Synchronised 3m Springboard,Gold,CHN,Wu
2016,Diving,W,Women's Synchronised 3m Springboard,Gold,CHN,Shi
2016,Diving,W,Women's Synchronised 3m Springboard,Silver,ITA,Cagnotto
2016,Diving,W,Women's Synchronised 3m Springboard,Silver,ITA,Dallape'
2016,Diving,W,Women's Synchronised 3m Springboard,Bronze,AUS,Keeney
2016,Diving,W,Women's Synchronised 3m Springboard,Bronze,AUS,Smith
2016,Diving,M,Men's Synchronised 10m Platform,Gold,CHN,Lin
2016,Diving,M,Men's Synchronised 10m Platform,Gold,CHN,Chen
2016,Diving,M,Men's Synchronised 10m Platform,Silver,USA,Boudia
2016,Diving,M,Men's Synchronised 10m Platform,Silver,USA,Johnson
2016,Diving,M,Men's Synchronised 10m Platform,Bronze,GBR,Daley
2016,Diving,M,Men's Synchronised 10m Platform,Bronze,GBR,Goodfellow
2016,Diving,W,Women's Synchronised 10m Platform,Gold,CHN,Liu
2016,Diving,W,Women's Synchronised 10m Platform,Gold,CHN,Chen
2016,Diving,W,Women's Synchronised 10m Platform,Silver,MAS,Cheong
2016,Diving,W,Women's Synchronised 10m Platform,Silver,MAS,Pamg
2016,Diving,W,Women's Synchronised 10m Platform,Bronze,CAN,Benfeito
2016,Diving,W,Women's Synchronised 10m Platform,Bronze,CAN,Filion
2016,Equestrian,X,Eventing Individual,Gold,GER,JUNG Michael
2016,Equestrian,X,Eventing Individual,Silver,FRA,NICOLAS Astier
2016,Equestrian,X,Eventing Individual,Bronze,USA,DUTTON Phillip
2016,Equestrian,X,Eventing Team,Gold,FRA,France
2016,Equestrian,X,Eventing Team,Silver,GER,Germany
2016,Equestrian,X,Eventing Team,Bronze,AUS,Australia
2016,Equestrian,X,Dressage Individual,Gold,GBR,DUJARDIN Charlotte
2016,Equestrian,X,Dressage Individual,Silver,GER,WERTH Isabell
2016,Equestrian,X,Dressage Individual,Bronze,GER,BRORING-SPREHE Kristina
2016,Equestrian,X,Dressage Team,Gold,GER,Germany
2016,Equestrian,X,Dressage Team,Silver,GBR,Great Britain
2016,Equestrian,X,Dressage Team,Bronze,USA,United States
2016,Equestrian,X,Jumping Individual,Gold,GBR,SKELTON Nick
2016,Equestrian,X,Jumping Individual,Silver,SWE,FREDRICSON Peder
2016,Equestrian,X,Jumping Individual,Bronze,CAN,LAMAZE Eric
2016,Equestrian,X,Jumping Team,Gold,FRA,France
2016,Equestrian,X,Jumping Team,Silver,USA,United States
2016,Equestrian,X,Jumping Team,Bronze,GER,Germany
2016,Fencing,M,Men's Foil Individual,Gold,ITA,GAROZZO Daniele
2016,Fencing,M,Men's Foil Individual,Silver,USA,MASSIALAS Alexander
2016,Fencing,M,Men's Foil Individual,Bronze,RUS,SAFIN Timur
2016,Fencing,W,Women's Foil Individual,Gold,RUS,DERIGLAZOVA Inna
2016,Fencing,W,Women's Foil Individual,Silver,ITA,DI FRANCISCA Elisa
2016,Fencing,W,Women's Foil Individual,Bronze,TUN,BOUBAKRI Ines
2016,Fencing,M,Men's Épée Individual,Gold,KOR,PARK Sangyoung
2016,Fencing,M,Men's Épée Individual,Silver,HUN,IMRE Geza
2016,Fencing,M,Men's Épée Individual,Bronze,FRA,GRUMIER Gauthier
2016,Fencing,W,Women's Épée Individual,Gold,HUN,SZASZ Emese
2016,Fencing,W,Women's Épée Individual,Silver,ITA,FIAMINGO Rossella
2016,Fencing,W,Women's Épée Individual,Bronze,CHN,SUN Yiwen
2016,Fencing,M,Men's Sabre Individual,Gold,HUN,SZILAGYI Aron
2016,Fencing,M,Men's Sabre Individual,Silver,USA,HOMER Daryl
2016,Fencing,M,Men's Sabre Individual,Bronze,KOR,KIM Junghwan
2016,Fencing,W,Women's Sabre Individual,Gold,RUS,EGORIAN Yana
2016,Fencing,W,Women's Sabre Individual,Silver,RUS,VELIKAYA Sofya
2016,Fencing,W,Women's Sabre Individual,Bronze,UKR,KHARLAN Olga
2016,Fencing,M,Men's Foil Team,Gold,RUS,Russian Federation
2016,Fencing,M,Men's Foil Team,Silver,FRA,France
2016,Fencing,M,Men's Foil Team,Bronze,USA,United States
2016,Fencing,M,Men's Épée Team,Gold,FRA,France
2016,Fencing,M,Men's Épée Team,Silver,ITA,Italy
2016,Fencing,M,Men's Épée Team,Bronze,HUN,Hungary
2016,Fencing,W,Women's Épée Team,Gold,ROU,Romania
2016,Fencing,W,Women's Épée Team,Silver,CHN,China
2016,Fencing,W,Women's Épée Team,Bronze,RUS,Russian Federation
2016,Fencing,W,Women's Sabre Team,Gold,RUS,Russian Federation
2016,Fencing,W,Women's Sabre Team,Silver,UKR,Ukraine
2016,Fencing,W,Women's Sabre Team,Bronze,USA,United States
2016,Football,M,Men,Gold,BRA,Brazil
2016,Football,M,Men,Silver,GER,Germany
2016,Football,M,Men,Bronze,NGR,Nigeria
2016,Football,W,Women,Gold,GER,Germany
2016,Football,W,Women,Silver,SWE,Sweden
2016,Football,W,Women,Bronze,CAN,Canada
2016,Golf,M,Men's Individual Stroke Play,Gold,GBR,ROSE Justin
2016,Golf,M,Men's Individual Stroke Play,Silver,SWE,STENSON Henrik
2016,Golf,M,Men's Individual Stroke Play,Bronze,USA,KUCHAR Matt
2016,Golf,W,Women's Individual Stroke Play,Gold,KOR,PARK Inbee
2016,Golf,W,Women's Individual Stroke Play,Silver,NZL,KO Lydia
2016,Golf,W,Women's Individual Stroke Play,Bronze,CHN,FENG Shanshan
2016,Handball,M,Men,Gold,DEN,Denmark
2016,Handball,M,Men,Silver,FRA,France
2016,Handball,M,Men,Bronze,GER,Germany
2016,Handball,W,Women,Gold,RUS,Russian Federation
2016,Handball,W,Women,Silver,FRA,France
2016,Handball,W,Women,Bronze,NOR,Norway
2016,Hockey,M,Men,Gold,ARG,Argentina
2016,Hockey,M,Men,Silver,BEL,Belgium
2016,Hockey,M,Men,Bronze,GER,Germany
2016,Hockey,W,Women,Gold,GBR,Great Britain
2016,Hockey,W,Women,Silver,NED,Netherlands
2016,Hockey,W,Women,Bronze,GER,Germany
2016,Judo,W,Women -48 kg,Gold,ARG,PARETO Paula
2016,Judo,W,Women -48 kg,Silver,KOR,JEONG Bokyeong
2016,Judo,W,Women -48 kg,Bronze,JPN,KONDO Ami
2016,Judo,W,Women -48 kg,Bronze,KAZ,GALBADRAKH Otgontsetseg
2016,Judo,W,Women -52 kg,Gold,KOS,KELMENDI Majlinda
2016,Judo,W,Women -52 kg,Silver,ITA,GIUFFRIDA Odette
2016,Judo,W,Women -52 kg,Bronze,JPN,NAKAMURA Misato
2016,Judo,W,Women -52 kg,Bronze,RUS,KUZIUTINA Natalia
2016,Judo,W,Women -57 kg,Gold,BRA,SILVA Rafaela
2016,Judo,W,Women -57 kg,Silver,MGL,DORJSUREN Sumiya
2016,Judo,W,Women -57 kg,Bronze,POR,MONTEIRO Telma
2016,Judo,W,Women -57 kg,Bronze,JPN,MATSUMOTO Kaori
2016,Judo,W,Women -63 kg,Gold,SLO,TRSTENJAK Tina
2016,Judo,W,Women -63 kg,Silver,FRA,AGBEGNENOU Clarisse
2016,Judo,W,Women -63 kg,Bronze,ISR,GERBI Yarden
2016,Judo,W,Women -63 kg,Bronze,NED,VAN EMDEN Anicka
2016,Judo,W,Women -70 kg,Gold,JPN,TACHIMOTO Haruka
2016,Judo,W,Women -70 kg,Silver,COL,ALVEAR Yuri
2016,Judo,W,Women -70 kg,Bronze,GBR,CONWAY Sally
2016,Judo,W,Women -70 kg,Bronze,GER,VARGAS KOCH Laura
2016,Judo,W,Women -78 kg,Gold,USA,HARRISON Kayla
2016,Judo,W,Women -78 kg,Silver,FRA,TCHEUMEO Audrey
2016,Judo,W,Women -78 kg,Bronze,SLO,VELENSEK Anamari
2016,Judo,W,Women -78 kg,Bronze,BRA,AGUIAR Mayra
2016,Judo,W,Women +78 kg,Gold,FRA,ANDEOL Emilie
2016,Judo,W,Women +78 kg,Silver,CUB,ORTIZ Idalys
2016,Judo,W,Women +78 kg,Bronze,CHN,YU Song
2016,Judo,W,Women +78 kg,Bronze,JPN,YAMABE Kanae
2016,Judo,M,Men -60 kg,Gold,RUS,MUDRANOV Beslan
2016,Judo,M,Men -60 kg,Silver,KAZ,SMETOV Yeldos
2016,Judo,M,Men -60 kg,Bronze,UZB,UROZBOEV Diyorbek
2016,Judo,M,Men -60 kg,Bronze,JPN,TAKATO Naohisa
2016,Judo,M,Men -66 kg,Gold,ITA,BASILE Fabio
2016,Judo,M,Men -66 kg,Silver,KOR,AN Baul
2016,Judo,M,Men -66 kg,Bronze,UZB,SOBIROV Rishod
2016,Judo,M,Men -66 kg,Bronze,JPN,EBINUMA Masashi
2016,Judo,M,Men -73 kg,Gold,JPN,ONO Shohei
2016,Judo,M,Men -73 kg,Silver,AZE,ORUJOV Rustam
2016,Judo,M,Men -73 kg,Bronze,BEL,VAN TICHELT Dirk
2016,Judo,M,Men -73 kg,Bronze,GEO,SHAVDATUASHVILI Lasha
2016,Judo,M,Men -81 kg,Gold,RUS,KHALMURZAEV Khasan
2016,Judo,M,Men -81 kg,Silver,USA,STEVENS Travis
2016,Judo,M,Men -81 kg,Bronze,UAE,TOMA Sergiu
2016,Judo,M,Men -81 kg,Bronze,JPN,NAGASE Takanori
2016,Judo,M,Men -90 kg,Gold,JPN,BAKER Mashu
2016,Judo,M,Men -90 kg,Silver,GEO,LIPARTELIANI Varlam
2016,Judo,M,Men -90 kg,Bronze,CHN,CHENG Xunzhao
2016,Judo,M,Men -90 kg,Bronze,KOR,GWAK Donghan
2016,Judo,M,Men -100 kg,Gold,CZE,KRPALEK Lukas
2016,Judo,M,Men -100 kg,Silver,AZE,GASIMOV Elmar
2016,Judo,M,Men -100 kg,Bronze,JPN,HAGA Ryunosuke
2016,Judo,M,Men -100 kg,Bronze,FRA,MARET Cyrille
2016,Judo,M,Men +100 kg,Gold,FRA,RINER Teddy
2016,Judo,M,Men +100 kg,Silver,JPN,HARASAWA Hisayoshi
2016,Judo,M,Men +100 kg,Bronze,ISR,SASSON Or
2016,Judo,M,Men +100 kg,Bronze,BRA,SILVA Rafael
2016,Marathon Swimming,W,Women's 10km,Gold,NED,VAN ROUWENDAAL Sharon
2016,Marathon Swimming,W,Women's 10km,Silver,ITA,BRUNI Rachele
2016,Marathon Swimming,W,Women's 10km,Bronze,BRA,OKIMOTO Poliana
2016,Marathon Swimming,M,Men's 10km,Gold,NED,WEERTMAN Ferry
2016,Marathon Swimming,M,Men's 10km,Silver,GRE,GIANNIOTIS Spiros
2016,Marathon Swimming,M,Men's 10km,Bronze,FRA,OLIVIER Marc-Antoine
2016,Modern Pentathlon,M,Men's Individual,Gold,RUS,LESUN Alexander
2016,Modern Pentathlon,M,Men's Individual,Silver,UKR,TYMOSHCHENKO Pavlo
2016,Modern Pentathlon,M,Men's Individual,Bronze,MEX,HERNANDEZ USCANGA Ismael Marcelo
2016,Modern Pentathlon,W,Women's Individual,Gold,AUS,ESPOSITO Chloe
2016,Modern Pentathlon,W,Women's Individual,Silver,FRA,CLOUVEL Elodie
2016,Modern Pentathlon,W,Women's Individual,Bronze,POL,NOWACKA Oktawia
2016,Rhythmic Gymnastics,W,Individual All-Around,Gold,RUS,MAMUN Margarita
2016,Rhythmic Gymnastics,W,Individual All-Around,Silver,RUS,KUDRYAVTSEVA Yana
2016,Rhythmic Gymnastics,W,Individual All-Around,Bronze,UKR,RIZATDINOVA Ganna
2016,Rhythmic Gymnastics,W,Group All-Around,Gold,RUS,Russian Federation
2016,Rhythmic Gymnastics,W,Group All-Around,Silver,ESP,Spain
2016,Rhythmic Gymnastics,W,Group All-Around,Bronze,BUL,Bulgaria
2016,Rowing,W,Women's Pair,Gold,GBR,Glover
2016,Rowing,W,Women's Pair,Gold,GBR,Stanning
2016,Rowing,W,Women's Pair,Silver,NZL,Behrent
2016,Rowing,W,Women's Pair,Silver,NZL,Scown
2016,Rowing,W,Women's Pair,Bronze,DEN,Andersen
2016,Rowing,W,Women's Pair,Bronze,DEN,Rasmussen
2016,Rowing,M,Men's Pair,Gold,NZL,Bond
2016,Rowing,M,Men's Pair,Gold,NZL,Murray
2016,Rowing,M,Men's Pair,Silver,RSA,Keeling
2016,Rowing,M,Men's Pair,Silver,RSA,Brittain
2016,Rowing,M,Men's Pair,Bronze,ITA,DI COSTANZO
2016,Rowing,M,Men's Pair,Bronze,ITA,Abagnale
2016,Rowing,W,Women's Double Sculls,Gold,POL,Fularczyk-Kozlowska
2016,Rowing,W,Women's Double Sculls,Gold,POL,Madaj
2016,Rowing,W,Women's Double Sculls,Silver,GBR,Grainger
2016,Rowing,W,Women's Double Sculls,Silver,GBR,Thornley
2016,Rowing,W,Women's Double Sculls,Bronze,LTU,Vistartaite
2016,Rowing,W,Women's Double Sculls,Bronze,LTU,Valciukaite
2016,Rowing,M,Men's Double Sculls,Gold,CRO,Sinkovic
2016,Rowing,M,Men's Double Sculls,Gold,CRO,Sinkovic
2016,Rowing,M,Men's Double Sculls,Silver,LTU,Griskonis
2016,Rowing,M,Men's Double Sculls,Silver,LTU,Ritter
2016,Rowing,M,Men's Double Sculls,Bronze,NOR,Tufte
2016,Rowing,M,Men's Double Sculls,Bronze,NOR,Borch
2016,Rowing,M,Men's Four,Gold,GBR,Great Britain
2016,Rowing,M,Men's Four,Silver,AUS,Australia
2016,Rowing,M,Men's Four,Bronze,ITA,Italy
2016,Rowing,W,Women's Single Sculls,Gold,AUS,BRENNAN Kimberley
2016,Rowing,W,Women's Single Sculls,Silver,USA,STONE Genevra
2016,Rowing,W,Women's Single Sculls,Bronze,CHN,DUAN Jingli
2016,Rowing,M,Men's Single Sculls,Gold,NZL,DRYSDALE Mahe
2016,Rowing,M,Men's Single Sculls,Silver,CRO,MARTIN Damir
2016,Rowing,M,Men's Single Sculls,Bronze,CZE,SYNEK Ondrej
2016,Rowing,W,Lightweight Women's Double Sculls,Gold,NED,Head
2016,Rowing,W,Lightweight Women's Double Sculls,Gold,NED,Paulis
2016,Rowing,W,Lightweight Women's Double Sculls,Silver,CAN,Jennerich
2016,Rowing,W,Lightweight Women's Double Sculls,Silver,CAN,Obee
2016,Rowing,W,Lightweight Women's Double Sculls,Bronze,CHN,Huang
2016,Rowing,W,Lightweight Women's Double Sculls,Bronze,CHN,Pan
2016,Rowing,M,Lightweight Men's Double Sculls,Gold,FRA,Azou
2016,Rowing,M,Lightweight Men's Double Sculls,Gold,FRA,Houin
2016,Rowing,M,Lightweight Men's Double Sculls,Silver,IRL,O'Donovan
2016,Rowing,M,Lightweight Men's Double Sculls,Silver,IRL,O'Donovan
2016,Rowing,M,Lightweight Men's Double Sculls,Bronze,NOR,Strandli
2016,Rowing,M,Lightweight Men's Double Sculls,Bronze,NOR,Brun
2016,Rowing,M,Lightweight Men's Four,Gold,SUI,Switzerland
2016,Rowing,M,Lightweight Men's Four,Silver,DEN,Denmark
2016,Rowing,M,Lightweight Men's Four,Bronze,FRA,France
2016,Rowing,W,Women's Quadruple Sculls,Gold,GER,Germany
2016,Rowing,W,Women's Quadruple Sculls,Silver,NED,Netherlands
2016,Rowing,W,Women's Quadruple Sculls,Bronze,POL,Poland
2016,Rowing,M,Men's Quadruple Sculls,Gold,GER,Germany
2016,Rowing,M,Men's Quadruple Sculls,Silver,AUS,Australia
2016,Rowing,M,Men's Quadruple Sculls,Bronze,EST,Estonia
2016,Rowing,W,Women's Eight,Gold,USA,United States
2016,Rowing,W,Women's Eight,Silver,GBR,Great Britain
2016,Rowing,W,Women's Eight,Bronze,ROU,Romania
2016,Rowing,M,Men's Eight,Gold,GBR,Great Britain
2016,Rowing,M,Men's Eight,Silver,GER,Germany
2016,Rowing,M,Men's Eight,Bronze,NED,Netherlands
2016,Rugby Sevens,M,Men,Gold,FIJ,Fiji
2016,Rugby Sevens,M,Men,Silver,GBR,Great Britain
2016,Rugby Sevens,M,Men,Bronze,RSA,South Africa
2016,Rugby Sevens,W,Women,Gold,AUS,Australia
2016,Rugby Sevens,W,Women,Silver,NZL,New Zealand
2016,Rugby Sevens,W,Women,Bronze,CAN,Canada
2016,Sailing,M,RS:X Men,Gold,NED,VAN RIJSSELBERGHE Dorian
2016,Sailing,M,RS:X Men,Silver,GBR,DEMPSEY Nick
2016,Sailing,M,RS:X Men,Bronze,FRA,LE COQ Pierre
2016,Sailing,W,RS:X Women,Gold,FRA,PICON Charline
2016,Sailing,W,RS:X Women,Silver,CHN,CHEN Peina
2016,Sailing,W,RS:X Women,Bronze,RUS,ELFUTINA Stefaniya
2016,Sailing,M,Laser Men,Gold,AUS,BURTON Tom
2016,Sailing,M,Laser Men,Silver,CRO,STIPANOVIC Tonci
2016,Sailing,M,Laser Men,Bronze,NZL,MEECH Sam
2016,Sailing,W,Laser Radial Women,Gold,NED,BOUWMEESTER Marit
2016,Sailing,W,Laser Radial Women,Silver,IRL,MURPHY Annalise
2016,Sailing,W,Laser Radial Women,Bronze,DEN,RINDOM Anne-Marie
2016,Sailing,M,Finn Men,Gold,GBR,SCOTT Giles
2016,Sailing,M,Finn Men,Silver,SLO,ZBOGAR Vasilij
2016,Sailing,M,Finn Men,Bronze,USA,PAINE Caleb
2016,Sailing,M,470 Men,Gold,CRO,Fantela
2016,Sailing,M,470 Men,Gold,CRO,Marenic
2016,Sailing,M,470 Men,Silver,AUS,Belcher
2016,Sailing,M,470 Men,Silver,AUS,Ryan
2016,Sailing,M,470 Men,Bronze,GRE,Mantis
2016,Sailing,M,470 Men,Bronze,GRE,Kagialis
2016,Sailing,W,470 Women,Gold,GBR,Clark
2016,Sailing,W,470 Women,Gold,GBR,Mills
2016,Sailing,W,470 Women,Silver,NZL,Aleh
2016,Sailing,W,470 Women,Silver,NZL,Powrie
2016,Sailing,W,470 Women,Bronze,FRA,Defrance
2016,Sailing,W,470 Women,Bronze,FRA,Lecointre
2016,Sailing,M,49er Men,Gold,NZL,Burling
2016,Sailing,M,49er Men,Gold,NZL,Tuke
2016,Sailing,M,49er Men,Silver,AUS,Outteridge
2016,Sailing,M,49er Men,Silver,AUS,Jensen
2016,Sailing,M,49er Men,Bronze,GER,Heil
2016,Sailing,M,49er Men,Bronze,GER,Ploessel
2016,Sailing,W,49er FX Women,Gold,BRA,Kunze
2016,Sailing,W,49er FX Women,Gold,BRA,Grael
2016,Sailing,W,49er FX Women,Silver,NZL,Maloney
2016,Sailing,W,49er FX Women,Silver,NZL,Meech
2016,Sailing,W,49er FX Women,Bronze,DEN,Salskov-Iversen
2016,Sailing,W,49er FX Women,Bronze,DEN,Hansen
2016,Sailing,X,Nacra 17 Mixed,Gold,ARG,Lange
2016,Sailing,X,Nacra 17 Mixed,Gold,ARG,Carranza Saroli
2016,Sailing,X,Nacra 17 Mixed,Silver,AUS,Darmanin
2016,Sailing,X,Nacra 17 Mixed,Silver,AUS,Waterhouse
2016,Sailing,X,Nacra 17 Mixed,Bronze,AUT,Frank
2016,Sailing,X,Nacra 17 Mixed,Bronze,AUT,Zajac
2016,Shooting,M,50m Rifle 3 Positions Men,Gold,ITA,CAMPRIANI Niccolo
2016,Shooting,M,50m Rifle 3 Positions Men,Silver,RUS,KAMENSKIY Sergey
2016,Shooting,M,50m Rifle 3 Positions Men,Bronze,FRA,RAYNAUD Alexis
2016,Shooting,M,50m Rifle Prone Men,Gold,GER,JUNGHAENEL Henri
2016,Shooting,M,50m Rifle Prone Men,Silver,KOR,KIM Jonghyun
2016,Shooting,M,50m Rifle Prone Men,Bronze,RUS,GRIGORYAN Kirill
2016,Shooting,M,10m Air Rifle Men,Gold,ITA,CAMPRIANI Niccolo
2016,Shooting,M,10m Air Rifle Men,Silver,UKR,KULISH Serhiy
2016,Shooting,M,10m Air Rifle Men,Bronze,RUS,MASLENNIKOV Vladimir
2016,Shooting,M,50m Pistol Men,Gold,KOR,JIN Jongoh
2016,Shooting,M,50m Pistol Men,Silver,VIE,HOANG Xuan Vinh
2016,Shooting,M,50m Pistol Men,Bronze,PRK,KIM Song Guk
2016,Shooting,M,25m Rapid Fire Pistol Men,Gold,GER,REITZ Christian
2016,Shooting,M,25m Rapid Fire Pistol Men,Silver,FRA,QUIQUAMPOIX Jean
2016,Shooting,M,25m Rapid Fire Pistol Men,Bronze,CHN,LI Yuehong
2016,Shooting,M,10m Air Pistol Men,Gold,VIE,HOANG Xuan Vinh
2016,Shooting,M,10m Air Pistol Men,Silver,BRA,WU Felipe Almeida
2016,Shooting,M,10m Air Pistol Men,Bronze,CHN,PANG Wei
2016,Shooting,M,Trap Men,Gold,CRO,GLASNOVIC Josip
2016,Shooting,M,Trap Men,Silver,ITA,PELLIELO Giovanni
2016,Shooting,M,Trap Men,Bronze,GBR,LING Edward
2016,Shooting,M,Double Trap Men,Gold,IOA,ALDEEHANI Fehaid
2016,Shooting,M,Double Trap Men,Silver,ITA,INNOCENTI Marco
2016,Shooting,M,Double Trap Men,Bronze,GBR,SCOTT Steven
2016,Shooting,M,Skeet Men,Gold,ITA,ROSSETTI Gabriele
2016,Shooting,M,Skeet Men,Silver,SWE,SVENSSON Marcus
2016,Shooting,M,Skeet Men,Bronze,IOA,ALRASHIDI Abdullah
2016,Shooting,W,50m Rifle 3 Positions Women,Gold,GER,ENGLEDER Barbara
2016,Shooting,W,50m Rifle 3 Positions Women,Silver,CHN,ZHANG Binbin
2016,Shooting,W,50m Rifle 3 Positions Women,Bronze,CHN,DU Li
2016,Shooting,W,10m Air Rifle Women,Gold,USA,THRASHER Virginia
2016,Shooting,W,10m Air Rifle Women,Silver,CHN,DU Li
2016,Shooting,W,10m Air Rifle Women,Bronze,CHN,YI Siling
2016,Shooting,W,25m Pistol Women,Gold,GRE,KORAKAKI Anna
2016,Shooting,W,25m Pistol Women,Silver,GER,KARSCH Monika
2016,Shooting,W,25m Pistol Women,Bronze,SUI,DIETHELM GERBER Heidi
2016,Shooting,W,10m Air Pistol Women,Gold,CHN,ZHANG Mengxue
2016,Shooting,W,10m Air Pistol Women,Silver,RUS,BATSARASHKINA Vitalina
2016,Shooting,W,10m Air Pistol Women,Bronze,GRE,KORAKAKI Anna
2016,Shooting,W,Trap Women,Gold,AUS,SKINNER Catherine
2016,Shooting,W,Trap Women,Silver,NZL,ROONEY Natalie
2016,Shooting,W,Trap Women,Bronze,USA,COGDELL Corey
2016,Shooting,W,Skeet Women,Gold,ITA,BACOSI Diana
2016,Shooting,W,Skeet Women,Silver,ITA,CAINERO Chiara
2016,Shooting,W,Skeet Women,Bronze,USA,RHODE Kimberly
2016,Swimming,W,Women's 50m Freestyle,Gold,DEN,BLUME Pernille
2016,Swimming,W,Women's 50m Freestyle,Silver,USA,MANUEL Simone
2016,Swimming,W,Women's 50m Freestyle,Bronze,BLR,HERASIMENIA Aliaksandra
2016,Swimming,W,Women's 100m Freestyle,Gold,CAN,OLEKSIAK Penny
2016,Swimming,W,Women's 100m Freestyle,Gold,USA,MANUEL Simone
2016,Swimming,W,Women's 100m Freestyle,Bronze,SWE,SJOSTROM Sarah
2016,Swimming,W,Women's 200m Freestyle,Gold,USA,LEDECKY Katie
2016,Swimming,W,Women's 200m Freestyle,Silver,SWE,SJOSTROM Sarah
2016,Swimming,W,Women's 200m Freestyle,Bronze,AUS,MCKEON Emma
2016,Swimming,W,Women's 400m Freestyle,Gold,USA,LEDECKY Katie
2016,Swimming,W,Women's 400m Freestyle,Silver,GBR,CARLIN Jazz
2016,Swimming,W,Women's 400m Freestyle,Bronze,USA,SMITH Leah
2016,Swimming,W,Women's 800m Freestyle,Gold,USA,LEDECKY Katie
2016,Swimming,W,Women's 800m Freestyle,Silver,GBR,CARLIN Jazz
2016,Swimming,W,Women's 800m Freestyle,Bronze,HUN,KAPAS Boglarka
2016,Swimming,W,Women's 100m Backstroke,Gold,HUN,HOSSZU Katinka
2016,Swimming,W,Women's 100m Backstroke,Silver,USA,BAKER Kathleen
2016,Swimming,W,Women's 100m Backstroke,Bronze,CAN,MASSE Kylie
2016,Swimming,W,Women's 100m Backstroke,Bronze,CHN,FU Yuanhui
2016,Swimming,W,Women's 200m Backstroke,Gold,USA,DIRADO Madeline
2016,Swimming,W,Women's 200m Backstroke,Silver,HUN,HOSSZU Katinka
2016,Swimming,W,Women's 200m Backstroke,Bronze,CAN,CALDWELL Hilary
2016,Swimming,W,Women's 100m Breaststroke,Gold,USA,KING Lilly
2016,Swimming,W,Women's 100m Breaststroke,Silver,RUS,EFIMOVA Yulia
2016,Swimming,W,Women's 100m Breaststroke,Bronze,USA,MEILI Catherine
2016,Swimming,W,Women's 200m Breaststroke,Gold,JPN,KANETO Rie
2016,Swimming,W,Women's 200m Breaststroke,Silver,RUS,EFIMOVA Yulia
2016,Swimming,W,Women's 200m Breaststroke,Bronze,CHN,SHI Jinglin
2016,Swimming,W,Women's 100m Butterfly,Gold,SWE,SJOSTROM Sarah
2016,Swimming,W,Women's 100m Butterfly,Silver,CAN,OLEKSIAK Penny
2016,Swimming,W,Women's 100m Butterfly,Bronze,USA,VOLLMER Dana
2016,Swimming,W,Women's 200m Butterfly,Gold,ESP,BELMONTE GARCIA Mireia
2016,Swimming,W,Women's 200m Butterfly,Silver,AUS,GROVES Madeline
2016,Swimming,W,Women's 200m Butterfly,Bronze,JPN,HOSHI Natsumi
2016,Swimming,W,Women's 200m Individual Medley,Gold,HUN,HOSSZU Katinka
2016,Swimming,W,Women's 200m Individual Medley,Silver,GBR,O'CONNOR Siobhan-Marie
2016,Swimming,W,Women's 200m Individual Medley,Bronze,USA,DIRADO Madeline
2016,Swimming,W,Women's 400m Individual Medley,Gold,HUN,HOSSZU Katinka
2016,Swimming,W,Women's 400m Individual Medley,Silver,USA,DIRADO Madeline
2016,Swimming,W,Women's 400m Individual Medley,Bronze,ESP,BELMONTE GARCIA Mireia
2016,Swimming,W,Women's 4 x 100m Freestyle Relay,Gold,AUS,Australia
2016,Swimming,W,Women's 4 x 100m Freestyle Relay,Silver,USA,United States
2016,Swimming,W,Women's 4 x 100m Freestyle Relay,Bronze,CAN,Canada
2016,Swimming,W,Women's 4 x 200m Freestyle Relay,Gold,USA,United States
2016,Swimming,W,Women's 4 x 200m Freestyle Relay,Silver,AUS,Australia
2016,Swimming,W,Women's 4 x 200m Freestyle Relay,Bronze,CAN,Canada
2016,Swimming,W,Women's 4 x 100m Medley Relay,Gold,USA,United States
2016,Swimming,W,Women's 4 x 100m Medley Relay,Silver,AUS,Australia
2016,Swimming,W,Women's 4 x 100m Medley Relay,Bronze,DEN,Denmark
2016,Swimming,M,Men's 50m Freestyle,Gold,USA,ERVIN Anthony
2016,Swimming,M,Men's 50m Freestyle,Silver,FRA,MANAUDOU Florent
2016,Swimming,M,Men's 50m Freestyle,Bronze,USA,ADRIAN Nathan
2016,Swimming,M,Men's 100m Freestyle,Gold,AUS,CHALMERS Kyle
2016,Swimming,M,Men's 100m Freestyle,Silver,BEL,TIMMERS Pieter
2016,Swimming,M,Men's 100m Freestyle,Bronze,USA,ADRIAN Nathan
2016,Swimming,M,Men's 200m Freestyle,Gold,CHN,SUN Yang
2016,Swimming,M,Men's 200m Freestyle,Silver,RSA,LE CLOS Chad Guy
2016,Swimming,M,Men's 200m Freestyle,Silver,RSA,Bertrand
2016,Swimming,M,Men's 200m Freestyle,Bronze,USA,DWYER Conor
2016,Swimming,M,Men's 400m Freestyle,Gold,AUS,HORTON Mack
2016,Swimming,M,Men's 400m Freestyle,Silver,CHN,SUN Yang
2016,Swimming,M,Men's 400m Freestyle,Bronze,ITA,DETTI Gabriele
2016,Swimming,M,Men's 1500m Freestyle,Gold,ITA,PALTRINIERI Gregorio
2016,Swimming,M,Men's 1500m Freestyle,Silver,USA,JAEGER Connor
2016,Swimming,M,Men's 1500m Freestyle,Bronze,ITA,DETTI Gabriele
2016,Swimming,M,Men's 100m Backstroke,Gold,USA,MURPHY Ryan
2016,Swimming,M,Men's 100m Backstroke,Silver,CHN,XU Jiayu
2016,Swimming,M,Men's 100m Backstroke,Bronze,USA,PLUMMER David
2016,Swimming,M,Men's 200m Backstroke,Gold,USA,MURPHY Ryan
2016,Swimming,M,Men's 200m Backstroke,Silver,AUS,LARKIN Mitchell
2016,Swimming,M,Men's 200m Backstroke,Bronze,RUS,RYLOV Evgeny
2016,Swimming,M,Men's 100m Breaststroke,Gold,GBR,PEATY Adam
2016,Swimming,M,Men's 100m Breaststroke,Silver,RSA,VAN DER BURGH Cameron
2016,Swimming,M,Men's 100m Breaststroke,Bronze,USA,MILLER Cody
2016,Swimming,M,Men's 200m Breaststroke,Gold,KAZ,BALANDIN Dmitriy
2016,Swimming,M,Men's 200m Breaststroke,Silver,USA,PRENOT Josh
2016,Swimming,M,Men's 200m Breaststroke,Bronze,RUS,CHUPKOV Anton
2016,Swimming,M,Men's 100m Butterfly,Gold,SIN,SCHOOLING Joseph
2016,Swimming,M,Men's 100m Butterfly,Silver,USA,PHELPS Michael
2016,Swimming,M,Men's 100m Butterfly,Silver,HUN,CSEH Laszlo
2016,Swimming,M,Men's 100m Butterfly,Silver,RSA,LE CLOS Chad Guy
2016,Swimming,M,Men's 200m Butterfly,Gold,USA,PHELPS Michael
2016,Swimming,M,Men's 200m Butterfly,Silver,JPN,SAKAI Masato
2016,Swimming,M,Men's 200m Butterfly,Bronze,HUN,KENDERESI Tamas
2016,Swimming,M,Men's 200m Individual Medley,Gold,USA,PHELPS Michael
2016,Swimming,M,Men's 200m Individual Medley,Silver,JPN,HAGINO Kosuke
2016,Swimming,M,Men's 200m Individual Medley,Bronze,CHN,WANG Shun
2016,Swimming,M,Men's 400m Individual Medley,Gold,JPN,HAGINO Kosuke
2016,Swimming,M,Men's 400m Individual Medley,Silver,USA,KALISZ Chase
2016,Swimming,M,Men's 400m Individual Medley,Bronze,JPN,SETO Daiya
2016,Swimming,M,Men's 4 x 100m Freestyle Relay,Gold,USA,United States
2016,Swimming,M,Men's 4 x 100m Freestyle Relay,Silver,FRA,France
2016,Swimming,M,Men's 4 x 100m Freestyle Relay,Bronze,AUS,Australia
2016,Swimming,M,Men's 4 x 200m Freestyle Relay,Gold,USA,United States
2016,Swimming,M,Men's 4 x 200m Freestyle Relay,Silver,GBR,Great Britain
2016,Swimming,M,Men's 4 x 200m Freestyle Relay,Bronze,JPN,Japan
2016,Swimming,M,Men's 4 x 100m Medley Relay,Gold,USA,United States
2016,Swimming,M,Men's 4 x 100m Medley Relay,Silver,GBR,Great Britain
2016,Swimming,M,Men's 4 x 100m Medley Relay,Bronze,AUS,Australia
2016,Synchronised Swimming,X,Duets,Gold,RUS,Ishchenko
2016,Synchronised Swimming,X,Duets,Gold,RUS,Romashina
2016,Synchronised Swimming,X,Duets,Silver,CHN,Huang
2016,Synchronised Swimming,X,Duets,Silver,CHN,Sun
2016,Synchronised Swimming,X,Duets,Bronze,JPN,Inui
2016,Synchronised Swimming,X,Duets,Bronze,JPN,Mitsui
2016,Synchronised Swimming,X,Teams,Gold,RUS,Russian Federation
2016,Synchronised Swimming,X,Teams,Silver,CHN,China
2016,Synchronised Swimming,X,Teams,Bronze,JPN,Japan
2016,Table Tennis,W,Women's Team,Gold,CHN,China
2016,Table Tennis,W,Women's Team,Silver,GER,Germany
2016,Table Tennis,W,Women's Team,Bronze,JPN,Japan
2016,Table Tennis,M,Men's Team,Gold,CHN,China
2016,Table Tennis,M,Men's Team,Silver,JPN,Japan
2016,Table Tennis,M,Men's Team,Bronze,GER,Germany
2016,Table Tennis,W,Women's Singles,Gold,CHN,DING Ning
2016,Table Tennis,W,Women's Singles,Silver,CHN,LI Xiaoxia
2016,Table Tennis,W,Women's Singles,Bronze,PRK,KIM Song
2016,Table Tennis,W,Women's Singles,Bronze,PRK,I
2016,Table Tennis,M,Men's Singles,Gold,CHN,MA Long
2016,Table Tennis,M,Men's Singles,Silver,CHN,ZHANG Jike
2016,Table Tennis,M,Men's Singles,Bronze,JPN,MIZUTANI Jun
2016,Taekwondo,M,Men -58kg,Gold,CHN,ZHAO Shuai
2016,Taekwondo,M,Men -58kg,Silver,THA,HANPRAB Tawin
2016,Taekwondo,M,Men -58kg,Bronze,DOM,PIE Luisito
2016,Taekwondo,M,Men -58kg,Bronze,KOR,KIM Taehun
2016,Taekwondo,M,Men -68kg,Gold,JOR,ABUGHAUSH Ahmad
2016,Taekwondo,M,Men -68kg,Silver,RUS,DENISENKO Alexey
2016,Taekwondo,M,Men -68kg,Bronze,ESP,GONZALEZ BONILLA Joel
2016,Taekwondo,M,Men -68kg,Bronze,KOR,LEE Daehoon
2016,Taekwondo,M,Men -80kg,Gold,CIV,CISSE Cheick Sallah
2016,Taekwondo,M,Men -80kg,Gold,CIV,Junior
2016,Taekwondo,M,Men -80kg,Silver,GBR,MUHAMMAD Lutalo
2016,Taekwondo,M,Men -80kg,Bronze,TUN,OUESLATI Oussama
2016,Taekwondo,M,Men -80kg,Bronze,AZE,BEIGI HARCHEGANI Milad
2016,Taekwondo,M,Men +80kg,Gold,AZE,ISAEV Radik
2016,Taekwondo,M,Men +80kg,Silver,NIG,ISSOUFOU ALFAGA Abdoulrazak
2016,Taekwondo,M,Men +80kg,Bronze,BRA,SIQUEIRA Maicon
2016,Taekwondo,M,Men +80kg,Bronze,KOR,CHA Dongmin
2016,Taekwondo,W,Women -49kg,Gold,KOR,KIM Sohui
2016,Taekwondo,W,Women -49kg,Silver,SRB,BOGDANOVIC Tijana
2016,Taekwondo,W,Women -49kg,Bronze,THA,WONGPATTANAKIT Panipak
2016,Taekwondo,W,Women -49kg,Bronze,AZE,ABAKAROVA Patimat
2016,Taekwondo,W,Women -57kg,Gold,GBR,JONES Jade
2016,Taekwondo,W,Women -57kg,Silver,ESP,CALVO GOMEZ Eva
2016,Taekwondo,W,Women -57kg,Bronze,EGY,WAHBA Hedaya
2016,Taekwondo,W,Women -57kg,Bronze,IRI,ALIZADEH ZENOORIN Kimia
2016,Taekwondo,W,Women -67kg,Gold,KOR,OH Hyeri
2016,Taekwondo,W,Women -67kg,Silver,FRA,NIARE Haby
2016,Taekwondo,W,Women -67kg,Bronze,CIV,GBAGBI Ruth Marie
2016,Taekwondo,W,Women -67kg,Bronze,TUR,ChristelleTATAR Nur
2016,Taekwondo,W,Women +67kg,Gold,CHN,ZHENG Shuyin
2016,Taekwondo,W,Women +67kg,Silver,MEX,ESPINOZA ESPINOZA Maria
2016,Taekwondo,W,Women +67kg,Silver,MEX,del Rosario
2016,Taekwondo,W,Women +67kg,Bronze,USA,GALLOWAY Jackie
2016,Taekwondo,W,Women +67kg,Bronze,GBR,WALKDEN Bianca
2016,Tennis,M,Men's Singles,Gold,GBR,MURRAY Andy
2016,Tennis,M,Men's Singles,Silver,ARG,DEL POTRO Juan Martin
2016,Tennis,M,Men's Singles,Bronze,JPN,NISHIKORI Kei
2016,Tennis,W,Women's Singles,Gold,PUR,PUIG Monica
2016,Tennis,W,Women's Singles,Silver,GER,KERBER Angelique
2016,Tennis,W,Women's Singles,Bronze,CZE,KVITOVA Petra
2016,Tennis,M,Men's Doubles,Gold,ESP,Lopez
2016,Tennis,M,Men's Doubles,Gold,ESP,Nadal
2016,Tennis,M,Men's Doubles,Silver,ROU,Mergea
2016,Tennis,M,Men's Doubles,Silver,ROU,Tecau
2016,Tennis,M,Men's Doubles,Bronze,USA,Sock
2016,Tennis,M,Men's Doubles,Bronze,USA,Johnson
2016,Tennis,W,Women's Doubles,Gold,RUS,Makarova
2016,Tennis,W,Women's Doubles,Gold,RUS,Vesnina
2016,Tennis,W,Women's Doubles,Silver,SUI,Bacsinszky
2016,Tennis,W,Women's Doubles,Silver,SUI,Hingis
2016,Tennis,W,Women's Doubles,Bronze,CZE,Safarova
2016,Tennis,W,Women's Doubles,Bronze,CZE,Strycova
2016,Tennis,X,Mixed Doubles,Gold,USA,Sock
2016,Tennis,X,Mixed Doubles,Gold,USA,Mattek-Sands
2016,Tennis,X,Mixed Doubles,Silver,USA,Williams
2016,Tennis,X,Mixed Doubles,Silver,USA,Ram
2016,Tennis,X,Mixed Doubles,Bronze,CZE,Hradecka
2016,Tennis,X,Mixed Doubles,Bronze,CZE,Stepanek
2016,Trampoline Gymnastics,M,Men,Gold,BLR,HANCHAROU Uladzislau
2016,Trampoline Gymnastics,M,Men,Silver,CHN,DONG Dong
2016,Trampoline Gymnastics,M,Men,Bronze,CHN,GAO Lei
2016,Trampoline Gymnastics,W,Women,Gold,CAN,MACLENNAN Rosannagh
2016,Trampoline Gymnastics,W,Women,Silver,GBR,PAGE Bryony
2016,Trampoline Gymnastics,W,Women,Bronze,CHN,LI Dan
2016,Triathlon,M,Men,Gold,GBR,BROWNLEE Alistair
2016,Triathlon,M,Men,Silver,GBR,BROWNLEE Jonathan
2016,Triathlon,M,Men,Bronze,RSA,SCHOEMAN Henri
2016,Triathlon,W,Women,Gold,USA,JORGENSEN Gwen
2016,Triathlon,W,Women,Silver,SUI,SPIRIG HUG Nicola
2016,Triathlon,W,Women,Bronze,GBR,HOLLAND Vicky
2016,Volleyball,M,Men,Gold,BRA,Brazil
2016,Volleyball,M,Men,Silver,ITA,Italy
2016,Volleyball,M,Men,Bronze,USA,United States
2016,Volleyball,W,Women,Gold,CHN,China
2016,Volleyball,W,Women,Silver,SRB,Serbia
2016,Volleyball,W,Women,Bronze,USA,United States
2016,Water Polo,M,Men,Gold,SRB,Serbia
2016,Water Polo,M,Men,Silver,CRO,Croatia
2016,Water Polo,M,Men,Bronze,ITA,Italy
2016,Water Polo,W,Women,Gold,USA,United States
2016,Water Polo,W,Women,Silver,ITA,Italy
2016,Water Polo,W,Women,Bronze,RUS,Russian Federation
2016,Weightlifting,M,Men's 56kg,Gold,CHN,LONG Qingquan
2016,Weightlifting,M,Men's 56kg,Silver,PRK,OM Yun Chol
2016,Weightlifting,M,Men's 56kg,Bronze,THA,KRUAITHONG Sinphet
2016,Weightlifting,M,Men's 62kg,Gold,COL,FIGUEROA MOSQUERA Oscar Albeiro
2016,Weightlifting,M,Men's 62kg,Silver,INA,IRAWAN Eko Yuli
2016,Weightlifting,M,Men's 62kg,Bronze,KAZ,KHARKI Farkhad
2016,Weightlifting,M,Men's 69kg,Gold,CHN,SHI Zhiyong
2016,Weightlifting,M,Men's 69kg,Silver,TUR,ISMAYILOV Daniyar
2016,Weightlifting,M,Men's 69kg,Bronze,COL,MOSQUERA LOZANO Luis Javier
2016,Weightlifting,M,Men's 77kg,Gold,KAZ,RAHIMOV Nijat
2016,Weightlifting,M,Men's 77kg,Silver,CHN,LYU Xiaojun
2016,Weightlifting,M,Men's 77kg,Bronze,EGY,MAHMOUD Mohamed
2016,Weightlifting,M,Men's 85kg,Gold,IRI,ROSTAMI Kianoush
2016,Weightlifting,M,Men's 85kg,Silver,CHN,TIAN Tao
2016,Weightlifting,M,Men's 85kg,Bronze,ROU,SINCRAIAN Gabriel
2016,Weightlifting,M,Men's 94kg,Gold,IRI,MORADI Sohrab
2016,Weightlifting,M,Men's 94kg,Silver,BLR,STRALTSOU Vadzim
2016,Weightlifting,M,Men's 94kg,Bronze,LTU,DIDZBALIS Aurimas
2016,Weightlifting,M,Men's 105kg,Gold,UZB,NURUDINOV Ruslan
2016,Weightlifting,M,Men's 105kg,Silver,ARM,MARTIROSYAN Simon
2016,Weightlifting,M,Men's 105kg,Bronze,KAZ,ZAICHIKOV Alexandr
2016,Weightlifting,M,Men's +105kg,Gold,GEO,TALAKHADZE Lasha
2016,Weightlifting,M,Men's +105kg,Silver,ARM,MINASYAN Gor
2016,Weightlifting,M,Men's +105kg,Bronze,GEO,TURMANIDZE Irakli
2016,Weightlifting,W,Women's 48kg,Gold,THA,TANASAN Sopita
2016,Weightlifting,W,Women's 48kg,Silver,INA,AGUSTIANI Sri Wahyuni
2016,Weightlifting,W,Women's 48kg,Bronze,JPN,MIYAKE Hiromi
2016,Weightlifting,W,Women's 53kg,Gold,TPE,HSU Shu-Ching
2016,Weightlifting,W,Women's 53kg,Silver,PHI,DIAZ Hidilyn
2016,Weightlifting,W,Women's 53kg,Bronze,KOR,YOON Jin Hee
2016,Weightlifting,W,Women's 58kg,Gold,THA,SRISURAT Sukanya
2016,Weightlifting,W,Women's 58kg,Silver,THA,SIRIKAEW Pimsiri
2016,Weightlifting,W,Women's 58kg,Bronze,TPE,KUO Hsing-Chun
2016,Weightlifting,W,Women's 63kg,Gold,CHN,DENG Wei
2016,Weightlifting,W,Women's 63kg,Silver,PRK,CHOE Hyo Sim
2016,Weightlifting,W,Women's 63kg,Bronze,KAZ,GORICHEVA Karina
2016,Weightlifting,W,Women's 69kg,Gold,CHN,XIANG Yanmei
2016,Weightlifting,W,Women's 69kg,Silver,KAZ,ZHAPPARKUL Zhazira
2016,Weightlifting,W,Women's 69kg,Bronze,EGY,AHMED Sara
2016,Weightlifting,W,Women's 75kg,Gold,PRK,RIM Jong Sim
2016,Weightlifting,W,Women's 75kg,Silver,BLR,NAUMAVA Darya
2016,Weightlifting,W,Women's 75kg,Bronze,ESP,VALENTIN PEREZ Lidia
2016,Weightlifting,W,Women's +75kg,Gold,CHN,MENG Suping
2016,Weightlifting,W,Women's +75kg,Silver,PRK,KIM Kuk Hyang
2016,Weightlifting,W,Women's +75kg,Bronze,USA,ROBLES Sarah Elizabeth
2016,Wrestling,M,Men's Greco-Roman 59 kg,Gold,CUB,BORRERO MOLINA Ismael
2016,Wrestling,M,Men's Greco-Roman 59 kg,Silver,JPN,OTA Shinobu
2016,Wrestling,M,Men's Greco-Roman 59 kg,Bronze,NOR,BERGE Stig-Andre
2016,Wrestling,M,Men's Greco-Roman 59 kg,Bronze,UZB,TASMURADOV Elmurat
2016,Wrestling,M,Men's Greco-Roman 66 kg,Gold,SRB,STEFANEK Davor
2016,Wrestling,M,Men's Greco-Roman 66 kg,Silver,ARM,ARUTYUNYAN Migran
2016,Wrestling,M,Men's Greco-Roman 66 kg,Bronze,AZE,CHUNAYEV Rasul
2016,Wrestling,M,Men's Greco-Roman 66 kg,Bronze,GRO,BOLKVADZE Shmagi
2016,Wrestling,M,Men's Greco-Roman 75 kg,Gold,RUS,VLASOV Roman
2016,Wrestling,M,Men's Greco-Roman 75 kg,Silver,DEN,MADSEN Mark Overgaard
2016,Wrestling,M,Men's Greco-Roman 75 kg,Bronze,IRI,ABDVALI Saeid Morad
2016,Wrestling,M,Men's Greco-Roman 75 kg,Bronze,KOR,KIM Hyeonwoo
2016,Wrestling,M,Men's Greco-Roman 85 kg,Gold,RUS,CHAKVETADZE Davit
2016,Wrestling,M,Men's Greco-Roman 85 kg,Silver,UKR,BELENIUK Zhan
2016,Wrestling,M,Men's Greco-Roman 85 kg,Bronze,BLR,HAMZATAU Javid
2016,Wrestling,M,Men's Greco-Roman 85 kg,Bronze,GER,KUDLA Denis Maksymilian
2016,Wrestling,M,Men's Greco-Roman 98 kg,Gold,ARM,ALEKSANYAN Artur
2016,Wrestling,M,Men's Greco-Roman 98 kg,Silver,CUB,LUGO CABRERA Yasmany Daniel
2016,Wrestling,M,Men's Greco-Roman 98 kg,Bronze,TUR,ILDEM Cenk
2016,Wrestling,M,Men's Greco-Roman 98 kg,Bronze,IRI,REZAEI Ghasem Gholamreza
2016,Wrestling,M,Men's Greco-Roman 130 kg,Gold,CUB,LOPEZ NUNEZ Mijain
2016,Wrestling,M,Men's Greco-Roman 130 kg,Silver,TUR,KAYAALP Riza
2016,Wrestling,M,Men's Greco-Roman 130 kg,Bronze,RUS,SEMENOV Sergey
2016,Wrestling,M,Men's Greco-Roman 130 kg,Bronze,AZE,SHARIATI Sabah
2016,Wrestling,M,Men's Freestyle 57 kg,Gold,GEO,KHINCHEGASHVILI Vladimer
2016,Wrestling,M,Men's Freestyle 57 kg,Silver,JPN,HIGUCHI Rei
2016,Wrestling,M,Men's Freestyle 57 kg,Bronze,IRI,RAHIMI Hassan Sabzali
2016,Wrestling,M,Men's Freestyle 57 kg,Bronze,AZE,ALIYEV Haji
2016,Wrestling,M,Men's Freestyle 65 kg,Gold,RUS,RAMONOV Soslan
2016,Wrestling,M,Men's Freestyle 65 kg,Silver,AZE,ASGAROV Toghrul
2016,Wrestling,M,Men's Freestyle 65 kg,Bronze,UZB,NAVRUZOV Ikhtiyor
2016,Wrestling,M,Men's Freestyle 65 kg,Bronze,ITA,CHAMIZO MARQUEZ Frank
2016,Wrestling,M,Men's Freestyle 74 kg,Gold,IRI,YAZDANICHARATI Hassan Aliazam
2016,Wrestling,M,Men's Freestyle 74 kg,Silver,RUS,GEDUEV Aniuar
2016,Wrestling,M,Men's Freestyle 74 kg,Bronze,AZE,HASANOV Jabrayil
2016,Wrestling,M,Men's Freestyle 74 kg,Bronze,TUR,DEMIRTAS Soner
2016,Wrestling,M,Men's Freestyle 86 kg,Gold,RUS,SADULAEV Abdulrashid
2016,Wrestling,M,Men's Freestyle 86 kg,Silver,TUR,YASAR Selim
2016,Wrestling,M,Men's Freestyle 86 kg,Bronze,AZE,SHARIFOV Sharif
2016,Wrestling,M,Men's Freestyle 86 kg,Bronze,USA,COX J'den Michael Tbory
2016,Wrestling,M,Men's Freestyle 97 kg,Gold,USA,SNYDER Kyle Frederick
2016,Wrestling,M,Men's Freestyle 97 kg,Silver,AZE,GOZIUMOV Khetag
2016,Wrestling,M,Men's Freestyle 97 kg,Bronze,ROU,SARITOV Albert
2016,Wrestling,M,Men's Freestyle 97 kg,Bronze,UAB,IBRAGIMOV Magomed Idrisovitch
2016,Wrestling,M,Men's Freestyle 125 kg,Gold,TUR,AKGUL Taha
2016,Wrestling,M,Men's Freestyle 125 kg,Silver,IRI,GHASEMI Komeil Nemat
2016,Wrestling,M,Men's Freestyle 125 kg,Bronze,GEO,PETRIASHVILI Geno
2016,Wrestling,M,Men's Freestyle 125 kg,Bronze,BLR,SAIDAU Ibrahim
2016,Wrestling,W,Women's Freestyle 48 kg,Gold,JPN,TOSAKA Eri
2016,Wrestling,W,Women's Freestyle 48 kg,Silver,AZE,STADNIK Mariya
2016,Wrestling,W,Women's Freestyle 48 kg,Bronze,CHN,SUN Yanan
2016,Wrestling,W,Women's Freestyle 48 kg,Bronze,BUL,YANKOVA Elitsa Atanasova
2016,Wrestling,W,Women's Freestyle 53 kg,Gold,USA,MAROULIS Helen Louise
2016,Wrestling,W,Women's Freestyle 53 kg,Silver,JPN,YOSHIDA Saori
2016,Wrestling,W,Women's Freestyle 53 kg,Bronze,AZE,SINISHIN Natalya
2016,Wrestling,W,Women's Freestyle 53 kg,Bronze,SWE,MATTSSON Sofia Magdalena
2016,Wrestling,W,Women's Freestyle 58 kg,Gold,JPN,ICHO Kaori
2016,Wrestling,W,Women's Freestyle 58 kg,Silver,RUS,KOBLOVA ZHOLOBOVA Valeriia
2016,Wrestling,W,Women's Freestyle 58 kg,Bronze,IND,MALIK Sakshi
2016,Wrestling,W,Women's Freestyle 58 kg,Bronze,TUN,AMRI Marwa
2016,Wrestling,W,Women's Freestyle 63 kg,Gold,JPN,KAWAI Risako
2016,Wrestling,W,Women's Freestyle 63 kg,Silver,BLR,MAMASHUK Maryia
2016,Wrestling,W,Women's Freestyle 63 kg,Bronze,POL,MICHALIK Monika Ewa
2016,Wrestling,W,Women's Freestyle 63 kg,Bronze,KAZ,LARIONOVA Yekaterina
2016,Wrestling,W,Women's Freestyle 69 kg,Gold,JPN,DOSHO Sara
2016,Wrestling,W,Women's Freestyle 69 kg,Silver,RUS,VOROBEVA Natalia
2016,Wrestling,W,Women's Freestyle 69 kg,Bronze,KAZ,SYZDYKOVA Elmira
2016,Wrestling,W,Women's Freestyle 69 kg,Bronze,SWE,FRANSSON Anna Jenny
2016,Wrestling,W,Women's Freestyle 75 kg,Gold,CAN,WIEBE Erica Elizabeth
2016,Wrestling,W,Women's Freestyle 75 kg,Silver,KAZ,MANYUROVA Guzel
2016,Wrestling,W,Women's Freestyle 75 kg,Bronze,CHN,ZHANG Fengliu
2016,Wrestling,W,Women's Freestyle 75 kg,Bronze,RUS,BUKINA Ekaterina
